id,extracted,not_ext_reason,transformed,not_trans_reason,loaded,not_loaded_reason
2,True,,True,,True,
11,True,,True,,True,
12,True,,True,,True,
13,True,,True,,True,
14,True,,True,,True,
16,True,,True,,True,
17,True,,True,,True,
18,True,,True,,True,
19,True,,True,,True,
37,True,,True,,True,
38,True,,True,,True,
40,True,,True,,True,
41,True,,True,,True,
47,True,,True,,True,
48,True,,True,,True,
49,True,,True,,True,
50,True,,True,,True,
52,True,,True,,True,
53,True,,True,,True,
55,True,,True,,True,
56,True,,True,,True,
57,True,,True,,True,
59,True,,True,,True,
61,True,,True,,True,
62,True,,True,,True,
63,True,,True,,True,
64,True,,True,,True,
66,True,,True,,True,
67,True,,True,,True,
68,True,,True,,True,
69,True,,True,,True,
70,True,,True,,True,
71,True,,True,,True,
72,True,,True,,True,
73,True,,True,,True,
74,True,,True,,True,
75,True,,True,,True,
76,True,,True,,True,
77,True,,True,,True,
78,True,,True,,True,
79,True,,True,,True,
80,True,,True,,True,
81,True,,True,,True,
82,True,,True,,True,
83,True,,True,,True,
84,True,,True,,True,
85,True,,True,,True,
86,True,,True,,True,
87,True,,True,,True,
88,True,,True,,True,
90,True,,True,,True,
91,True,,True,,True,
92,True,,True,,True,
93,True,,True,,True,
95,True,,True,,True,
96,True,,True,,True,
99,True,,True,,True,
102,True,,True,,True,
103,True,,True,,True,
104,True,,True,,True,
106,True,,True,,True,
108,True,,True,,True,
109,True,,True,,True,
110,True,,True,,True,
111,True,,True,,True,
112,True,,True,,True,
120,True,,True,,True,
121,True,,True,,True,
124,True,,True,,True,
125,True,,True,,True,
126,True,,True,,True,
128,True,,True,,True,
129,True,,True,,True,
131,True,,True,,True,
132,True,,True,,True,
133,True,,True,,True,
135,True,,True,,True,
137,True,,True,,True,
138,True,,True,,True,
139,True,,True,,True,
140,True,,True,,True,
141,True,,True,,True,
142,True,,True,,True,
143,True,,True,,True,
144,True,,True,,True,
147,True,,True,,True,
148,True,,True,,True,
149,True,,True,,True,
150,True,,True,,True,
152,True,,True,,True,
153,True,,True,,True,
154,True,,True,,True,
155,True,,True,,True,
156,True,,True,,True,
157,True,,True,,True,
158,True,,True,,True,
159,True,,True,,True,
160,True,,True,,True,
161,True,,True,,True,
162,True,,True,,True,
163,True,,True,,True,
164,True,,True,,True,
165,True,,True,,True,
166,True,,True,,True,
167,True,,True,,True,
168,True,,True,,True,
169,True,,True,,True,
170,True,,True,,True,
172,True,,True,,True,
173,True,,True,,True,
174,True,,True,,True,
175,True,,True,,True,
177,True,,True,,True,
178,True,,True,,True,
179,True,,True,,True,
180,True,,True,,True,
181,True,,True,,True,
182,True,,True,,True,
183,True,,True,,True,
184,True,,True,,True,
185,True,,True,,True,
186,True,,True,,True,
187,True,,True,,True,
188,True,,True,,True,
189,True,,True,,True,
190,True,,True,,True,
191,True,,True,,True,
192,True,,True,,True,
193,True,,True,,True,
194,True,,True,,True,
196,True,,True,,True,
197,True,,True,,True,
198,True,,True,,True,
199,True,,True,,True,
200,True,,True,,True,
201,True,,True,,True,
202,True,,True,,True,
203,True,,True,,True,
204,True,,True,,True,
206,True,,True,,True,
207,True,,True,,True,
208,True,,True,,True,
209,True,,True,,True,
211,True,,True,,True,
212,True,,True,,True,
213,True,,True,,True,
214,True,,True,,True,
218,True,,True,,True,
220,True,,True,,True,
221,True,,True,,True,
222,True,,True,,True,
223,True,,True,,True,
224,True,,True,,True,
225,True,,True,,True,
227,True,,True,,True,
228,True,,True,,True,
229,True,,True,,True,
230,True,,True,,True,
231,True,,True,,True,
232,True,,True,,True,
233,True,,True,,True,
234,True,,True,,True,
235,True,,True,,True,
236,True,,True,,True,
237,True,,True,,True,
239,True,,True,,True,
241,True,,True,,True,
242,True,,True,,True,
243,True,,True,,True,
244,True,,True,,True,
245,True,,True,,True,
246,True,,True,,True,
247,True,,True,,True,
248,True,,True,,True,
249,True,,True,,True,
250,True,,True,,True,
251,True,,True,,True,
252,True,,True,,True,
253,True,,True,,True,
255,True,,True,,True,
256,True,,True,,True,
257,True,,True,,True,
259,True,,True,,True,
261,True,,True,,True,
262,True,,True,,True,
263,True,,True,,True,
264,True,,True,,True,
265,True,,True,,True,
266,True,,True,,True,
267,True,,True,,True,
268,True,,True,,True,
269,True,,True,,True,
270,True,,True,,True,
271,True,,True,,True,
272,True,,True,,True,
273,True,,True,,True,
274,True,,True,,True,
275,True,,True,,True,
276,True,,True,,True,
277,True,,True,,True,
278,True,,True,,True,
279,True,,True,,True,
280,True,,True,,True,
281,True,,True,,True,
282,True,,True,,True,
283,True,,True,,True,
284,True,,True,,True,
285,True,,True,,True,
286,True,,True,,True,
288,True,,True,,True,
289,True,,True,,True,
290,True,,True,,True,
291,True,,True,,True,
292,True,,True,,True,
293,True,,True,,True,
294,True,,True,,True,
295,True,,True,,True,
297,True,,True,,True,
298,True,,True,,True,
299,True,,True,,True,
300,True,,True,,True,
301,True,,True,,True,
302,True,,True,,True,
303,True,,True,,True,
304,True,,True,,True,
305,True,,True,,True,
306,True,,True,,True,
308,True,,True,,True,
314,True,,True,,True,
332,True,,True,,True,
333,True,,True,,True,
336,True,,True,,True,
338,True,,True,,True,
339,True,,True,,True,
340,True,,True,,True,
341,True,,True,,True,
342,True,,True,,True,
343,True,,True,,True,
344,True,,True,,True,
345,True,,True,,True,
346,True,,True,,True,
347,True,,True,,True,
348,True,,True,,True,
349,True,,True,,True,
350,True,,True,,True,
351,True,,True,,True,
352,True,,True,,True,
353,True,,True,,True,
354,True,,True,,True,
359,True,,True,,True,
365,True,,True,,True,
371,True,,True,,True,
373,True,,True,,True,
374,True,,True,,True,
376,True,,True,,True,
377,True,,True,,True,
387,True,,True,,True,
393,True,,True,,True,
394,True,,True,,True,
396,True,,True,,True,
397,True,,True,,True,
401,True,,True,,True,
402,True,,True,,True,
405,True,,True,,True,
406,True,,True,,True,
407,True,,True,,True,
408,True,,True,,True,
410,True,,True,,True,
411,True,,True,,True,
412,True,,True,,True,
413,True,,True,,True,
414,True,,True,,True,
415,True,,True,,True,
417,True,,True,,True,
418,True,,True,,True,
419,True,,True,,True,
420,True,,True,,True,
421,True,,True,,True,
422,True,,True,,True,
423,True,,True,,True,
424,True,,True,,True,
425,True,,True,,True,
426,True,,True,,True,
427,True,,True,,True,
428,True,,True,,True,
429,True,,True,,True,
430,True,,True,,True,
431,True,,True,,True,
433,True,,True,,True,
434,True,,True,,True,
435,True,,True,,True,
441,True,,True,,True,
442,True,,True,,True,
443,True,,True,,True,
444,True,,True,,True,
445,True,,True,,True,
446,True,,True,,True,
447,True,,True,,True,
448,True,,True,,True,
449,True,,True,,True,
450,True,,True,,True,
452,True,,True,,True,
453,True,,True,,True,
454,True,,True,,True,
455,True,,True,,True,
457,True,,True,,True,
458,True,,True,,True,
459,True,,True,,True,
460,True,,True,,True,
461,True,,True,,True,
462,True,,True,,True,
463,True,,True,,True,
465,True,,True,,True,
466,True,,True,,True,
468,True,,True,,True,
469,True,,True,,True,
470,True,,True,,True,
471,True,,True,,True,
472,True,,True,,True,
473,True,,True,,True,
474,True,,True,,True,
475,True,,True,,True,
476,True,,True,,True,
477,True,,True,,True,
478,True,,True,,True,
479,True,,True,,True,
481,True,,True,,True,
482,True,,True,,True,
483,True,,True,,True,
485,True,,True,,True,
486,True,,True,,True,
487,True,,True,,True,
488,True,,True,,True,
489,True,,True,,True,
490,True,,True,,True,
491,True,,True,,True,
493,True,,True,,True,
494,True,,True,,True,
498,True,,True,,True,
499,True,,True,,True,
500,True,,True,,True,
501,True,,True,,True,
502,True,,True,,True,
503,True,,True,,True,
504,True,,True,,True,
505,True,,True,,True,
506,True,,True,,True,
507,True,,True,,True,
508,True,,True,,True,
509,True,,True,,True,
510,True,,True,,True,
511,True,,True,,True,
512,True,,True,,True,
513,True,,True,,True,
514,True,,True,,True,
515,True,,True,,True,
516,True,,True,,True,
517,True,,True,,True,
518,True,,True,,True,
519,True,,True,,True,
520,True,,True,,True,
522,True,,True,,True,
523,True,,True,,True,
524,True,,True,,True,
530,True,,True,,True,
534,True,,True,,True,
536,True,,True,,True,
539,True,,True,,True,
540,True,,True,,True,
541,True,,True,,True,
542,True,,True,,True,
544,True,,True,,True,
545,True,,True,,True,
551,True,,True,,True,
552,True,,True,,True,
555,True,,True,,True,
556,True,,True,,True,
557,True,,True,,True,
558,True,,True,,True,
559,True,,True,,True,
560,True,,True,,True,
561,True,,True,,True,
562,True,,True,,True,
563,True,,True,,True,
564,True,,True,,True,
565,True,,True,,True,
566,True,,True,,True,
567,True,,True,,True,
568,True,,True,,True,
572,True,,True,,True,
574,True,,True,,True,
575,True,,True,,True,
581,True,,True,,True,
582,True,,True,,True,
584,True,,True,,True,
585,True,,True,,True,
590,True,,True,,True,
591,True,,True,,True,
592,True,,True,,True,
594,True,,True,,True,
595,True,,True,,True,
597,True,,True,,True,
598,True,,True,,True,
599,True,,True,,True,
604,True,,True,,True,
607,True,,True,,True,
608,True,,True,,True,
609,True,,True,,True,
610,True,,True,,True,
611,True,,True,,True,
613,True,,True,,True,
614,True,,True,,True,
615,True,,True,,True,
616,True,,True,,True,
617,True,,True,,True,
618,True,,True,,True,
619,True,,True,,True,
620,True,,True,,True,
621,True,,True,,True,
622,True,,True,,True,
623,True,,True,,True,
624,True,,True,,True,
626,True,,True,,True,
627,True,,True,,True,
628,True,,True,,True,
629,True,,True,,True,
630,True,,True,,True,
632,True,,True,,True,
633,True,,True,,True,
634,True,,True,,True,
635,True,,True,,True,
636,True,,True,,True,
637,True,,True,,True,
638,True,,True,,True,
639,True,,True,,True,
640,True,,True,,True,
641,True,,True,,True,
642,True,,True,,True,
643,True,,True,,True,
644,True,,True,,True,
645,True,,True,,True,
646,True,,True,,True,
647,True,,True,,True,
649,True,,True,,True,
650,True,,True,,True,
651,True,,True,,True,
652,True,,True,,True,
653,True,,True,,True,
654,True,,True,,True,
655,True,,True,,True,
656,True,,True,,True,
657,True,,True,,True,
658,True,,True,,True,
659,True,,True,,True,
660,True,,True,,True,
661,True,,True,,True,
662,True,,True,,True,
663,True,,True,,True,
664,True,,True,,True,
665,True,,True,,True,
666,True,,True,,True,
667,True,,True,,True,
668,True,,True,,True,
669,True,,True,,True,
671,True,,True,,True,
673,True,,True,,True,
674,True,,True,,True,
675,True,,True,,True,
676,True,,True,,True,
678,True,,True,,True,
679,True,,True,,True,
680,True,,True,,True,
683,True,,True,,True,
684,True,,True,,True,
685,True,,True,,True,
687,True,,True,,True,
689,True,,True,,True,
690,True,,True,,True,
691,True,,True,,True,
692,True,,True,,True,
694,True,,True,,True,
695,True,,True,,True,
696,True,,True,,True,
697,True,,True,,True,
698,True,,True,,True,
699,True,,True,,True,
701,True,,True,,True,
702,True,,True,,True,
703,True,,True,,True,
704,True,,True,,True,
706,True,,True,,True,
707,True,,True,,True,
708,True,,True,,True,
709,True,,True,,True,
711,True,,True,,True,
712,True,,True,,True,
713,True,,True,,True,
716,True,,True,,True,
718,True,,True,,True,
719,True,,True,,True,
720,True,,True,,True,
721,True,,True,,True,
723,True,,True,,True,
724,True,,True,,True,
725,True,,True,,True,
726,True,,True,,True,
728,True,,True,,True,
729,True,,True,,True,
732,True,,True,,True,
733,True,,True,,True,
734,True,,True,,True,
735,True,,True,,True,
736,True,,True,,True,
737,True,,True,,True,
740,True,,True,,True,
741,True,,True,,True,
743,True,,True,,True,
744,True,,True,,True,
745,True,,True,,True,
746,True,,True,,True,
747,True,,True,,True,
748,True,,True,,True,
749,True,,True,,True,
750,True,,True,,True,
757,True,,True,,True,
758,True,,True,,True,
759,True,,True,,True,
760,True,,True,,True,
761,True,,True,,True,
762,True,,True,,True,
763,True,,True,,True,
764,True,,True,,True,
765,True,,True,,True,
766,True,,True,,True,
767,True,,True,,True,
768,True,,True,,True,
769,True,,True,,True,
772,True,,True,,True,
774,True,,True,,True,
775,True,,True,,True,
776,True,,True,,True,
777,True,,True,,True,
779,True,,True,,True,
780,True,,True,,True,
781,True,,True,,True,
782,True,,True,,True,
783,True,,True,,True,
784,True,,True,,True,
785,True,,True,,True,
786,True,,True,,True,
787,True,,True,,True,
788,True,,True,,True,
789,True,,True,,True,
790,True,,True,,True,
791,True,,True,,True,
792,True,,True,,True,
795,True,,True,,True,
796,True,,True,,True,
797,True,,True,,True,
798,True,,True,,True,
799,True,,True,,True,
801,True,,True,,True,
802,True,,True,,True,
804,True,,True,,True,
805,True,,True,,True,
806,True,,True,,True,
807,True,,True,,True,
808,True,,True,,True,
810,True,,True,,True,
812,True,,True,,True,
813,True,,True,,True,
814,True,,True,,True,
815,True,,True,,True,
816,True,,True,,True,
819,True,,True,,True,
821,True,,True,,True,
822,True,,True,,True,
823,True,,True,,True,
824,True,,True,,True,
825,True,,True,,True,
826,True,,True,,True,
827,True,,True,,True,
828,True,,True,,True,
831,True,,True,,True,
833,True,,True,,True,
834,True,,True,,True,
835,True,,True,,True,
836,True,,True,,True,
837,True,,True,,True,
838,True,,True,,True,
839,True,,True,,True,
840,True,,True,,True,
841,True,,True,,True,
842,True,,True,,True,
844,True,,True,,True,
847,True,,True,,True,
848,True,,True,,True,
850,True,,True,,True,
852,True,,True,,True,
853,True,,True,,True,
854,True,,True,,True,
857,True,,True,,True,
858,True,,True,,True,
859,True,,True,,True,
860,True,,True,,True,
861,True,,True,,True,
862,True,,True,,True,
866,True,,True,,True,
867,True,,True,,True,
868,True,,True,,True,
870,True,,True,,True,
871,True,,True,,True,
873,True,,True,,True,
874,True,,True,,True,
875,True,,True,,True,
876,True,,True,,True,
877,True,,True,,True,
878,True,,True,,True,
879,True,,True,,True,
880,True,,True,,True,
881,True,,True,,True,
882,True,,True,,True,
883,True,,True,,True,
884,True,,True,,True,
886,True,,True,,True,
887,True,,True,,True,
888,True,,True,,True,
889,True,,True,,True,
890,True,,True,,True,
891,True,,True,,True,
893,True,,True,,True,
894,True,,True,,True,
895,True,,True,,True,
896,True,,True,,True,
897,True,,True,,True,
898,True,,True,,True,
899,True,,True,,True,
901,True,,True,,True,
903,True,,True,,True,
904,True,,True,,True,
905,True,,True,,True,
906,True,,True,,True,
907,True,,True,,True,
908,True,,True,,True,
909,True,,True,,True,
910,True,,True,,True,
911,True,,True,,True,
912,True,,True,,True,
913,True,,True,,True,
914,True,,True,,True,
915,True,,True,,True,
916,True,,True,,True,
917,True,,True,,True,
918,True,,True,,True,
919,True,,True,,True,
920,True,,True,,True,
921,True,,True,,True,
922,True,,True,,True,
923,True,,True,,True,
924,True,,True,,True,
925,True,,True,,True,
926,True,,True,,True,
927,True,,True,,True,
928,True,,True,,True,
929,True,,True,,True,
930,True,,True,,True,
931,True,,True,,True,
932,True,,True,,True,
933,True,,True,,True,
934,True,,True,,True,
935,True,,True,,True,
936,True,,True,,True,
937,True,,True,,True,
938,True,,True,,True,
939,True,,True,,True,
940,True,,True,,True,
941,True,,True,,True,
942,True,,True,,True,
943,True,,True,,True,
944,True,,True,,True,
945,True,,True,,True,
946,True,,True,,True,
947,True,,True,,True,
948,True,,True,,True,
949,True,,True,,True,
950,True,,True,,True,
951,True,,True,,True,
952,True,,True,,True,
953,True,,True,,True,
954,True,,True,,True,
955,True,,True,,True,
956,True,,True,,True,
957,True,,True,,True,
958,True,,True,,True,
959,True,,True,,True,
960,True,,True,,True,
961,True,,True,,True,
962,True,,True,,True,
963,True,,True,,True,
964,True,,True,,True,
965,True,,True,,True,
966,True,,True,,True,
967,True,,True,,True,
968,True,,True,,True,
969,True,,True,,True,
970,True,,True,,True,
971,True,,True,,True,
972,True,,True,,True,
973,True,,True,,True,
974,True,,True,,True,
975,True,,True,,True,
976,True,,True,,True,
977,True,,True,,True,
978,True,,True,,True,
980,True,,True,,True,
981,True,,True,,True,
982,True,,True,,True,
983,True,,True,,True,
984,True,,True,,True,
985,True,,True,,True,
986,True,,True,,True,
987,True,,True,,True,
988,True,,True,,True,
989,True,,True,,True,
990,True,,True,,True,
991,True,,True,,True,
992,True,,True,,True,
993,True,,True,,True,
994,True,,True,,True,
995,True,,True,,True,
996,True,,True,,True,
997,True,,True,,True,
998,True,,True,,True,
999,True,,True,,True,
1000,True,,True,,True,
1001,True,,True,,True,
1002,True,,True,,True,
1003,True,,True,,True,
1004,True,,True,,True,
1005,True,,True,,True,
1006,True,,True,,True,
1007,True,,True,,True,
1008,True,,True,,True,
1009,True,,True,,True,
1010,True,,True,,True,
1011,True,,True,,True,
1012,True,,True,,True,
1013,True,,True,,True,
1014,True,,True,,True,
1016,True,,True,,True,
1017,True,,True,,True,
1018,True,,True,,True,
1019,True,,True,,True,
1020,True,,True,,True,
1021,True,,True,,True,
1022,True,,True,,True,
1023,True,,True,,True,
1024,True,,True,,True,
1025,True,,True,,True,
1026,True,,True,,True,
1027,True,,True,,True,
1028,True,,True,,True,
1031,True,,True,,True,
1032,True,,True,,True,
1033,True,,True,,True,
1034,True,,True,,True,
1035,True,,True,,True,
1036,True,,True,,True,
1037,True,,True,,True,
1038,True,,True,,True,
1039,True,,True,,True,
1040,True,,True,,True,
1041,True,,True,,True,
1042,True,,True,,True,
1043,True,,True,,True,
1045,True,,True,,True,
1046,True,,True,,True,
1047,True,,True,,True,
1048,True,,True,,True,
1049,True,,True,,True,
1050,True,,True,,True,
1051,True,,True,,True,
1052,True,,True,,True,
1053,True,,True,,True,
1054,True,,True,,True,
1056,True,,True,,True,
1057,True,,True,,True,
1059,True,,True,,True,
1060,True,,True,,True,
1061,True,,True,,True,
1062,True,,True,,True,
1063,True,,True,,True,
1064,True,,True,,True,
1065,True,,True,,True,
1066,True,,True,,True,
1067,True,,True,,True,
1068,True,,True,,True,
1070,True,,True,,True,
1073,True,,True,,True,
1074,True,,True,,True,
1075,True,,True,,True,
1085,True,,True,,True,
1086,True,,True,,True,
1087,True,,True,,True,
1088,True,,True,,True,
1089,True,,True,,True,
1090,True,,True,,True,
1091,True,,True,,True,
1092,True,,True,,True,
1093,True,,True,,True,
1094,True,,True,,True,
1095,True,,True,,True,
1096,True,,True,,True,
1097,True,,True,,True,
1098,True,,True,,True,
1099,True,,True,,True,
1100,True,,True,,True,
1103,True,,True,,True,
1105,True,,True,,True,
1106,True,,True,,True,
1107,True,,True,,True,
1108,True,,True,,True,
1109,True,,True,,True,
1110,True,,True,,True,
1111,True,,True,,True,
1112,True,,True,,True,
1113,True,,True,,True,
1114,True,,True,,True,
1115,True,,True,,True,
1116,True,,True,,True,
1117,True,,True,,True,
1118,True,,True,,True,
1119,True,,True,,True,
1121,True,,True,,True,
1122,True,,True,,True,
1123,True,,True,,True,
1124,True,,True,,True,
1125,True,,True,,True,
1126,True,,True,,True,
1127,True,,True,,True,
1128,True,,True,,True,
1131,True,,True,,True,
1132,True,,True,,True,
1133,True,,True,,True,
1134,True,,True,,True,
1135,True,,True,,True,
1136,True,,True,,True,
1138,True,,True,,True,
1139,True,,True,,True,
1140,True,,True,,True,
1141,True,,True,,True,
1142,True,,True,,True,
1143,True,,True,,True,
1144,True,,True,,True,
1145,True,,True,,True,
1146,True,,True,,True,
1147,True,,True,,True,
1148,True,,True,,True,
1149,True,,True,,True,
1151,True,,True,,True,
1152,True,,True,,True,
1153,True,,True,,True,
1154,True,,True,,True,
1155,True,,True,,True,
1156,True,,True,,True,
1157,True,,True,,True,
1158,True,,True,,True,
1159,True,,True,,True,
1160,True,,True,,True,
1161,True,,True,,True,
1162,True,,True,,True,
1163,True,,True,,True,
1164,True,,True,,True,
1165,True,,True,,True,
1167,True,,True,,True,
1168,True,,True,,True,
1169,True,,True,,True,
1170,True,,True,,True,
1171,True,,True,,True,
1172,True,,True,,True,
1173,True,,True,,True,
1174,True,,True,,True,
1175,True,,True,,True,
1176,True,,True,,True,
1177,True,,True,,True,
1178,True,,True,,True,
1179,True,,True,,True,
1180,True,,True,,True,
1181,True,,True,,True,
1182,True,,True,,True,
1183,True,,True,,True,
1184,True,,True,,True,
1185,True,,True,,True,
1186,True,,True,,True,
1187,True,,True,,True,
1188,True,,True,,True,
1189,True,,True,,True,
1190,True,,True,,True,
1191,True,,True,,True,
1192,True,,True,,True,
1193,True,,True,,True,
1194,True,,True,,True,
1195,True,,True,,True,
1196,True,,True,,True,
1197,True,,True,,True,
1198,True,,True,,True,
1199,True,,True,,True,
1200,True,,True,,True,
1201,True,,True,,True,
1202,True,,True,,True,
1203,True,,True,,True,
1204,True,,True,,True,
1205,True,,True,,True,
1206,True,,True,,True,
1207,True,,True,,True,
1208,True,,True,,True,
1209,True,,True,,True,
1210,True,,True,,True,
1211,True,,True,,True,
1212,True,,True,,True,
1213,True,,True,,True,
1214,True,,True,,True,
1215,True,,True,,True,
1216,True,,True,,True,
1217,True,,True,,True,
1218,True,,True,,True,
1219,True,,True,,True,
1220,True,,True,,True,
1221,True,,True,,True,
1222,True,,True,,True,
1223,True,,True,,True,
1224,True,,True,,True,
1225,True,,True,,True,
1226,True,,True,,True,
1227,True,,True,,True,
1228,True,,True,,True,
1229,True,,True,,True,
1230,True,,True,,True,
1231,True,,True,,True,
1232,True,,True,,True,
1233,True,,True,,True,
1234,True,,True,,True,
1235,True,,True,,True,
1236,True,,True,,True,
1237,True,,True,,True,
1238,True,,True,,True,
1239,True,,True,,True,
1240,True,,True,,True,
1241,True,,True,,True,
1242,True,,True,,True,
1243,True,,True,,True,
1244,True,,True,,True,
1245,True,,True,,True,
1246,True,,True,,True,
1247,True,,True,,True,
1248,True,,True,,True,
1249,True,,True,,True,
1250,True,,True,,True,
1251,True,,True,,True,
1252,True,,True,,True,
1253,True,,True,,True,
1254,True,,True,,True,
1255,True,,True,,True,
1256,True,,True,,True,
1257,True,,True,,True,
1258,True,,True,,True,
1260,True,,True,,True,
1261,True,,True,,True,
1262,True,,True,,True,
1263,True,,True,,True,
1264,True,,True,,True,
1265,True,,True,,True,
1266,True,,True,,True,
1267,True,,True,,True,
1268,True,,True,,True,
1269,True,,True,,True,
1271,True,,True,,True,
1272,True,,True,,True,
1274,True,,True,,True,
1275,True,,True,,True,
1276,True,,True,,True,
1277,True,,True,,True,
1278,True,,True,,True,
1279,True,,True,,True,
1280,True,,True,,True,
1284,True,,True,,True,
1285,True,,True,,True,
1286,True,,True,,True,
1288,True,,True,,True,
1289,True,,True,,True,
1290,True,,True,,True,
1291,True,,True,,True,
1292,True,,True,,True,
1293,True,,True,,True,
1294,True,,True,,True,
1295,True,,True,,True,
1296,True,,True,,True,
1297,True,,True,,True,
1298,True,,True,,True,
1299,True,,True,,True,
1301,True,,True,,True,
1302,True,,True,,True,
1310,True,,True,,True,
1312,True,,True,,True,
1313,True,,True,,True,
1314,True,,True,,True,
1316,True,,True,,True,
1317,True,,True,,True,
2393,True,,True,,True,
2395,True,,True,,True,
2396,True,,True,,True,
2399,True,,True,,True,
2400,True,,True,,True,
2401,True,,True,,True,
2402,True,,True,,True,
2403,True,,True,,True,
2404,True,,True,,True,
2406,True,,True,,True,
2407,True,,True,,True,
2409,True,,True,,True,
2412,True,,True,,True,
2414,True,,True,,True,
2415,True,,True,,True,
2416,True,,True,,True,
2417,True,,True,,True,
2418,True,,True,,True,
2419,True,,True,,True,
2420,True,,True,,True,
2421,True,,True,,True,
2422,True,,True,,True,
2423,True,,True,,True,
2424,True,,True,,True,
2425,True,,True,,True,
2426,True,,True,,True,
2427,True,,True,,True,
2428,True,,True,,True,
2429,True,,True,,True,
2430,True,,True,,True,
2433,True,,True,,True,
2436,True,,True,,True,
2439,True,,True,,True,
2446,True,,True,,True,
2451,True,,True,,True,
2452,True,,True,,True,
2453,True,,True,,True,
2454,True,,True,,True,
2455,True,,True,,True,
2456,True,,True,,True,
2457,True,,True,,True,
2458,True,,True,,True,
2459,True,,True,,True,
2460,True,,True,,True,
2461,True,,True,,True,
2466,True,,True,,True,
2468,True,,True,,True,
2469,True,,True,,True,
2470,True,,True,,True,
2471,True,,True,,True,
2472,True,,True,,True,
2473,True,,True,,True,
2474,True,,True,,True,
2475,True,,True,,True,
2477,True,,True,,True,
2478,True,,True,,True,
2479,True,,True,,True,
2480,True,,True,,True,
2482,True,,True,,True,
2483,True,,True,,True,
2484,True,,True,,True,
2485,True,,True,,True,
2487,True,,True,,True,
2488,True,,True,,True,
2489,True,,True,,True,
2490,True,,True,,True,
2491,True,,True,,True,
2493,True,,True,,True,
2494,True,,True,,True,
2495,True,,True,,True,
2496,True,,True,,True,
2499,True,,True,,True,
2500,True,,True,,True,
2501,True,,True,,True,
2502,True,,True,,True,
2503,True,,True,,True,
2504,True,,True,,True,
2505,True,,True,,True,
2506,True,,True,,True,
2507,True,,True,,True,
2508,True,,True,,True,
2509,True,,True,,True,
2510,True,,True,,True,
2511,True,,True,,True,
2512,True,,True,,True,
2514,True,,True,,True,
2515,True,,True,,True,
2516,True,,True,,True,
2518,True,,True,,True,
2519,True,,True,,True,
2520,True,,True,,True,
2521,True,,True,,True,
2523,True,,True,,True,
2524,True,,True,,True,
2525,True,,True,,True,
2526,True,,True,,True,
2527,True,,True,,True,
2528,True,,True,,True,
2529,True,,True,,True,
2530,True,,True,,True,
2531,True,,True,,True,
2532,True,,True,,True,
2533,True,,True,,True,
2534,True,,True,,True,
2535,True,,True,,True,
2536,True,,True,,True,
2537,True,,True,,True,
2538,True,,True,,True,
2539,True,,True,,True,
2540,True,,True,,True,
2541,True,,True,,True,
2542,True,,True,,True,
2543,True,,True,,True,
2544,True,,True,,True,
2545,True,,True,,True,
2546,True,,True,,True,
2547,True,,True,,True,
2548,True,,True,,True,
2549,True,,True,,True,
2550,True,,True,,True,
2551,True,,True,,True,
2552,True,,True,,True,
2553,True,,True,,True,
2554,True,,True,,True,
2555,True,,True,,True,
2557,True,,True,,True,
2558,True,,True,,True,
2559,True,,True,,True,
2560,True,,True,,True,
2562,True,,True,,True,
2563,True,,True,,True,
2564,True,,True,,True,
2565,True,,True,,True,
2566,True,,True,,True,
2567,True,,True,,True,
2568,True,,True,,True,
2569,True,,True,,True,
2570,True,,True,,True,
2571,True,,True,,True,
2572,True,,True,,True,
2573,True,,True,,True,
2574,True,,True,,True,
2575,True,,True,,True,
2576,True,,True,,True,
2577,True,,True,,True,
2578,True,,True,,True,
2579,True,,True,,True,
2580,True,,True,,True,
2581,True,,True,,True,
2582,True,,True,,True,
2583,True,,True,,True,
2584,True,,True,,True,
2585,True,,True,,True,
2586,True,,True,,True,
2587,True,,True,,True,
2588,True,,True,,True,
2589,True,,True,,True,
2590,True,,True,,True,
2591,True,,True,,True,
2592,True,,True,,True,
2593,True,,True,,True,
2594,True,,True,,True,
2595,True,,True,,True,
2596,True,,True,,True,
2597,True,,True,,True,
2598,True,,True,,True,
2599,True,,True,,True,
2600,True,,True,,True,
2601,True,,True,,True,
2602,True,,True,,True,
2603,True,,True,,True,
2604,True,,True,,True,
2605,True,,True,,True,
2606,True,,True,,True,
2607,True,,True,,True,
2608,True,,True,,True,
2609,True,,True,,True,
2610,True,,True,,True,
2611,True,,True,,True,
2612,True,,True,,True,
2613,True,,True,,True,
2614,True,,True,,True,
2615,True,,True,,True,
2616,True,,True,,True,
2617,True,,True,,True,
2618,True,,True,,True,
2619,True,,True,,True,
2620,True,,True,,True,
2621,True,,True,,True,
2622,True,,True,,True,
2623,True,,True,,True,
2624,True,,True,,True,
2625,True,,True,,True,
2626,True,,True,,True,
2627,True,,True,,True,
2628,True,,True,,True,
2629,True,,True,,True,
2630,True,,True,,True,
2631,True,,True,,True,
2632,True,,True,,True,
2633,True,,True,,True,
2634,True,,True,,True,
2635,True,,True,,True,
2636,True,,True,,True,
2637,True,,True,,True,
2638,True,,True,,True,
2639,True,,True,,True,
2640,True,,True,,True,
2641,True,,True,,True,
2642,True,,True,,True,
2643,True,,True,,True,
2644,True,,True,,True,
2645,True,,True,,True,
2646,True,,True,,True,
2647,True,,True,,True,
2648,True,,True,,True,
2649,True,,True,,True,
2650,True,,True,,True,
2651,True,,True,,True,
2652,True,,True,,True,
2653,True,,True,,True,
2654,True,,True,,True,
2655,True,,True,,True,
2657,True,,True,,True,
2658,True,,True,,True,
2659,True,,True,,True,
2660,True,,True,,True,
2661,True,,True,,True,
2662,True,,True,,True,
2663,True,,True,,True,
2664,True,,True,,True,
2665,True,,True,,True,
2666,True,,True,,True,
2667,True,,True,,True,
2668,True,,True,,True,
2669,True,,True,,True,
2670,True,,True,,True,
2671,True,,True,,True,
2672,True,,True,,True,
2673,True,,True,,True,
2674,True,,True,,True,
2675,True,,True,,True,
2676,True,,True,,True,
2678,True,,True,,True,
2679,True,,True,,True,
2680,True,,True,,True,
2681,True,,True,,True,
2682,True,,True,,True,
2683,True,,True,,True,
2684,True,,True,,True,
2685,True,,True,,True,
2686,True,,True,,True,
2687,True,,True,,True,
2688,True,,True,,True,
2689,True,,True,,True,
2690,True,,True,,True,
2691,True,,True,,True,
2693,True,,True,,True,
2694,True,,True,,True,
2695,True,,True,,True,
2696,True,,True,,True,
2697,True,,True,,True,
2698,True,,True,,True,
2699,True,,True,,True,
2700,True,,True,,True,
2701,True,,True,,True,
2702,True,,True,,True,
2704,True,,True,,True,
2705,True,,True,,True,
2706,True,,True,,True,
2707,True,,True,,True,
2708,True,,True,,True,
2709,True,,True,,True,
2710,True,,True,,True,
2711,True,,True,,True,
2713,True,,True,,True,
2714,True,,True,,True,
2715,True,,True,,True,
2716,True,,True,,True,
2717,True,,True,,True,
2718,True,,True,,True,
2719,True,,True,,True,
2720,True,,True,,True,
2721,True,,True,,True,
2722,True,,True,,True,
2723,True,,True,,True,
2724,True,,True,,True,
2725,True,,True,,True,
2727,True,,True,,True,
2729,True,,True,,True,
2730,True,,True,,True,
2731,True,,True,,True,
2732,True,,True,,True,
2733,True,,True,,True,
2734,True,,True,,True,
2736,True,,True,,True,
2737,True,,True,,True,
2738,True,,True,,True,
2739,True,,True,,True,
2740,True,,True,,True,
2741,True,,True,,True,
2742,True,,True,,True,
2743,True,,True,,True,
2744,True,,True,,True,
2745,True,,True,,True,
2746,True,,True,,True,
2747,True,,True,,True,
2748,True,,True,,True,
2749,True,,True,,True,
2750,True,,True,,True,
2751,True,,True,,True,
2752,True,,True,,True,
2753,True,,True,,True,
2754,True,,True,,True,
2755,True,,True,,True,
2756,True,,True,,True,
2757,True,,True,,True,
2758,True,,True,,True,
2759,True,,True,,True,
2760,True,,True,,True,
2762,True,,True,,True,
2763,True,,True,,True,
2764,True,,True,,True,
2765,True,,True,,True,
2766,True,,True,,True,
2767,True,,True,,True,
2768,True,,True,,True,
2769,True,,True,,True,
2770,True,,True,,True,
2771,True,,True,,True,
2773,True,,True,,True,
2774,True,,True,,True,
2775,True,,True,,True,
2776,True,,True,,True,
2777,True,,True,,True,
2778,True,,True,,True,
2779,True,,True,,True,
2780,True,,True,,True,
2781,True,,True,,True,
2782,True,,True,,True,
2784,True,,True,,True,
2785,True,,True,,True,
2786,True,,True,,True,
2787,True,,True,,True,
2788,True,,True,,True,
2789,True,,True,,True,
2790,True,,True,,True,
2791,True,,True,,True,
2792,True,,True,,True,
2793,True,,True,,True,
2794,True,,True,,True,
2795,True,,True,,True,
2796,True,,True,,True,
2797,True,,True,,True,
2798,True,,True,,True,
2799,True,,True,,True,
2800,True,,True,,True,
2801,True,,True,,True,
2802,True,,True,,True,
2803,True,,True,,True,
2804,True,,True,,True,
2805,True,,True,,True,
2806,True,,True,,True,
2807,True,,True,,True,
2809,True,,True,,True,
2810,True,,True,,True,
2811,True,,True,,True,
2812,True,,True,,True,
2813,True,,True,,True,
2814,True,,True,,True,
2815,True,,True,,True,
2816,True,,True,,True,
2817,True,,True,,True,
2818,True,,True,,True,
2819,True,,True,,True,
2820,True,,True,,True,
2821,True,,True,,True,
2822,True,,True,,True,
2823,True,,True,,True,
2824,True,,True,,True,
2825,True,,True,,True,
2826,True,,True,,True,
2827,True,,True,,True,
2828,True,,True,,True,
2829,True,,True,,True,
2830,True,,True,,True,
2831,True,,True,,True,
2832,True,,True,,True,
2833,True,,True,,True,
2834,True,,True,,True,
2835,True,,True,,True,
2836,True,,True,,True,
2837,True,,True,,True,
2838,True,,True,,True,
2839,True,,True,,True,
2840,True,,True,,True,
2841,True,,True,,True,
2842,True,,True,,True,
2843,True,,True,,True,
2844,True,,True,,True,
2845,True,,True,,True,
2846,True,,True,,True,
2847,True,,True,,True,
2848,True,,True,,True,
2849,True,,True,,True,
2850,True,,True,,True,
2851,True,,True,,True,
2852,True,,True,,True,
2853,True,,True,,True,
2854,True,,True,,True,
2855,True,,True,,True,
2856,True,,True,,True,
2857,True,,True,,True,
2858,True,,True,,True,
2859,True,,True,,True,
2860,True,,True,,True,
2861,True,,True,,True,
2862,True,,True,,True,
2864,True,,True,,True,
2865,True,,True,,True,
2866,True,,True,,True,
2867,True,,True,,True,
2868,True,,True,,True,
2869,True,,True,,True,
2870,True,,True,,True,
2871,True,,True,,True,
2872,True,,True,,True,
2873,True,,True,,True,
2874,True,,True,,True,
2875,True,,True,,True,
2876,True,,True,,True,
2877,True,,True,,True,
2878,True,,True,,True,
2879,True,,True,,True,
2880,True,,True,,True,
2881,True,,True,,True,
2882,True,,True,,True,
2883,True,,True,,True,
2884,True,,True,,True,
2885,True,,True,,True,
2886,True,,True,,True,
2887,True,,True,,True,
2888,True,,True,,True,
2889,True,,True,,True,
2891,True,,True,,True,
2892,True,,True,,True,
2893,True,,True,,True,
2894,True,,True,,True,
2895,True,,True,,True,
2897,True,,True,,True,
2898,True,,True,,True,
2899,True,,True,,True,
2900,True,,True,,True,
2901,True,,True,,True,
2902,True,,True,,True,
2903,True,,True,,True,
2904,True,,True,,True,
2905,True,,True,,True,
2906,True,,True,,True,
2907,True,,True,,True,
2908,True,,True,,True,
2909,True,,True,,True,
2910,True,,True,,True,
2911,True,,True,,True,
2912,True,,True,,True,
2913,True,,True,,True,
2914,True,,True,,True,
2915,True,,True,,True,
2916,True,,True,,True,
2917,True,,True,,True,
2918,True,,True,,True,
2920,True,,True,,True,
2921,True,,True,,True,
2922,True,,True,,True,
2923,True,,True,,True,
2924,True,,True,,True,
2925,True,,True,,True,
2926,True,,True,,True,
2927,True,,True,,True,
2928,True,,True,,True,
2929,True,,True,,True,
2930,True,,True,,True,
2931,True,,True,,True,
2932,True,,True,,True,
2933,True,,True,,True,
2934,True,,True,,True,
2935,True,,True,,True,
2936,True,,True,,True,
2937,True,,True,,True,
2938,True,,True,,True,
2939,True,,True,,True,
2940,True,,True,,True,
2941,True,,True,,True,
2942,True,,True,,True,
2943,True,,True,,True,
2944,True,,True,,True,
2945,True,,True,,True,
2946,True,,True,,True,
2947,True,,True,,True,
2948,True,,True,,True,
2949,True,,True,,True,
2950,True,,True,,True,
2951,True,,True,,True,
2952,True,,True,,True,
2953,True,,True,,True,
2954,True,,True,,True,
2955,True,,True,,True,
2956,True,,True,,True,
2957,True,,True,,True,
2958,True,,True,,True,
2959,True,,True,,True,
2960,True,,True,,True,
2961,True,,True,,True,
2962,True,,True,,True,
2963,True,,True,,True,
2964,True,,True,,True,
2965,True,,True,,True,
2966,True,,True,,True,
2967,True,,True,,True,
2968,True,,True,,True,
2969,True,,True,,True,
2970,True,,True,,True,
2971,True,,True,,True,
2972,True,,True,,True,
2973,True,,True,,True,
2974,True,,True,,True,
2975,True,,True,,True,
2977,True,,True,,True,
2978,True,,True,,True,
2979,True,,True,,True,
2980,True,,True,,True,
2981,True,,True,,True,
2982,True,,True,,True,
2983,True,,True,,True,
2984,True,,True,,True,
2985,True,,True,,True,
2986,True,,True,,True,
2987,True,,True,,True,
2989,True,,True,,True,
2990,True,,True,,True,
2991,True,,True,,True,
2992,True,,True,,True,
2993,True,,True,,True,
2995,True,,True,,True,
2996,True,,True,,True,
2997,True,,True,,True,
2998,True,,True,,True,
2999,True,,True,,True,
3000,True,,True,,True,
3003,True,,True,,True,
3004,True,,True,,True,
3005,True,,True,,True,
3006,True,,True,,True,
3007,True,,True,,True,
3008,True,,True,,True,
3009,True,,True,,True,
3010,True,,True,,True,
3011,True,,True,,True,
3012,True,,True,,True,
3013,True,,True,,True,
3014,True,,True,,True,
3015,True,,True,,True,
3016,True,,True,,True,
3018,True,,True,,True,
3019,True,,True,,True,
3020,True,,True,,True,
3021,True,,True,,True,
3022,True,,True,,True,
3023,True,,True,,True,
3024,True,,True,,True,
3025,True,,True,,True,
3026,True,,True,,True,
3027,True,,True,,True,
3028,True,,True,,True,
3029,True,,True,,True,
3030,True,,True,,True,
3031,True,,True,,True,
3032,True,,True,,True,
3033,True,,True,,True,
3034,True,,True,,True,
3035,True,,True,,True,
3036,True,,True,,True,
3037,True,,True,,True,
3038,True,,True,,True,
3039,True,,True,,True,
3040,True,,True,,True,
3041,True,,True,,True,
3042,True,,True,,True,
3043,True,,True,,True,
3044,True,,True,,True,
3045,True,,True,,True,
3046,True,,True,,True,
3047,True,,True,,True,
3048,True,,True,,True,
3049,True,,True,,True,
3050,True,,True,,True,
3051,True,,True,,True,
3052,True,,True,,True,
3053,True,,True,,True,
3054,True,,True,,True,
3055,True,,True,,True,
3056,True,,True,,True,
3057,True,,True,,True,
3058,True,,True,,True,
3059,True,,True,,True,
3061,True,,True,,True,
3062,True,,True,,True,
3063,True,,True,,True,
3064,True,,True,,True,
3065,True,,True,,True,
3066,True,,True,,True,
3067,True,,True,,True,
3068,True,,True,,True,
3069,True,,True,,True,
3070,True,,True,,True,
3071,True,,True,,True,
3072,True,,True,,True,
3073,True,,True,,True,
3074,True,,True,,True,
3076,True,,True,,True,
3077,True,,True,,True,
3078,True,,True,,True,
3079,True,,True,,True,
3080,True,,True,,True,
3081,True,,True,,True,
3082,True,,True,,True,
3083,True,,True,,True,
3084,True,,True,,True,
3085,True,,True,,True,
3086,True,,True,,True,
3087,True,,True,,True,
3088,True,,True,,True,
3089,True,,True,,True,
3090,True,,True,,True,
3091,True,,True,,True,
3093,True,,True,,True,
3094,True,,True,,True,
3095,True,,True,,True,
3097,True,,True,,True,
3098,True,,True,,True,
3099,True,,True,,True,
3100,True,,True,,True,
3101,True,,True,,True,
3102,True,,True,,True,
3103,True,,True,,True,
3104,True,,True,,True,
3105,True,,True,,True,
3106,True,,True,,True,
3107,True,,True,,True,
3108,True,,True,,True,
3109,True,,True,,True,
3110,True,,True,,True,
3111,True,,True,,True,
3112,True,,True,,True,
3113,True,,True,,True,
3114,True,,True,,True,
3115,True,,True,,True,
3116,True,,True,,True,
3117,True,,True,,True,
3118,True,,True,,True,
3119,True,,True,,True,
3120,True,,True,,True,
3121,True,,True,,True,
3122,True,,True,,True,
3123,True,,True,,True,
3124,True,,True,,True,
3125,True,,True,,True,
3126,True,,True,,True,
3127,True,,True,,True,
3128,True,,True,,True,
3129,True,,True,,True,
3130,True,,True,,True,
3131,True,,True,,True,
3132,True,,True,,True,
3133,True,,True,,True,
3134,True,,True,,True,
3137,True,,True,,True,
3138,True,,True,,True,
3139,True,,True,,True,
3140,True,,True,,True,
3141,True,,True,,True,
3142,True,,True,,True,
3143,True,,True,,True,
3144,True,,True,,True,
3145,True,,True,,True,
3146,True,,True,,True,
3147,True,,True,,True,
3148,True,,True,,True,
3149,True,,True,,True,
3150,True,,True,,True,
3151,True,,True,,True,
3152,True,,True,,True,
3153,True,,True,,True,
3154,True,,True,,True,
3155,True,,True,,True,
3156,True,,True,,True,
3157,True,,True,,True,
3158,True,,True,,True,
3159,True,,True,,True,
3160,True,,True,,True,
3161,True,,True,,True,
3162,True,,True,,True,
3163,True,,True,,True,
3164,True,,True,,True,
3166,True,,True,,True,
3167,True,,True,,True,
3168,True,,True,,True,
3169,True,,True,,True,
3170,True,,True,,True,
3171,True,,True,,True,
3172,True,,True,,True,
3173,True,,True,,True,
3174,True,,True,,True,
3175,True,,True,,True,
3176,True,,True,,True,
3177,True,,True,,True,
3178,True,,True,,True,
3180,True,,True,,True,
3182,True,,True,,True,
3183,True,,True,,True,
3184,True,,True,,True,
3185,True,,True,,True,
3187,True,,True,,True,
3188,True,,True,,True,
3189,True,,True,,True,
3190,True,,True,,True,
3191,True,,True,,True,
3192,True,,True,,True,
3193,True,,True,,True,
3195,True,,True,,True,
3196,True,,True,,True,
3198,True,,True,,True,
3199,True,,True,,True,
3200,True,,True,,True,
3201,True,,True,,True,
3202,True,,True,,True,
3203,True,,True,,True,
3204,True,,True,,True,
3205,True,,True,,True,
3206,True,,True,,True,
3207,True,,True,,True,
3208,True,,True,,True,
3209,True,,True,,True,
3211,True,,True,,True,
3212,True,,True,,True,
3213,True,,True,,True,
3214,True,,True,,True,
3215,True,,True,,True,
3216,True,,True,,True,
3217,True,,True,,True,
3218,True,,True,,True,
3219,True,,True,,True,
3220,True,,True,,True,
3221,True,,True,,True,
3222,True,,True,,True,
3223,True,,True,,True,
3224,True,,True,,True,
3225,True,,True,,True,
3227,True,,True,,True,
3228,True,,True,,True,
3232,True,,True,,True,
3233,True,,True,,True,
3234,True,,True,,True,
3235,True,,True,,True,
3236,True,,True,,True,
3237,True,,True,,True,
3238,True,,True,,True,
3239,True,,True,,True,
3241,True,,True,,True,
3242,True,,True,,True,
3243,True,,True,,True,
3244,True,,True,,True,
3245,True,,True,,True,
3246,True,,True,,True,
3247,True,,True,,True,
3248,True,,True,,True,
3249,True,,True,,True,
3250,True,,True,,True,
3251,True,,True,,True,
3252,True,,True,,True,
3253,True,,True,,True,
3254,True,,True,,True,
3256,True,,True,,True,
3257,True,,True,,True,
3258,True,,True,,True,
3259,True,,True,,True,
3260,True,,True,,True,
3261,True,,True,,True,
3262,True,,True,,True,
3263,True,,True,,True,
3264,True,,True,,True,
3265,True,,True,,True,
3266,True,,True,,True,
3267,True,,True,,True,
3268,True,,True,,True,
3269,True,,True,,True,
3270,True,,True,,True,
3271,True,,True,,True,
3272,True,,True,,True,
3273,True,,True,,True,
3274,True,,True,,True,
3275,True,,True,,True,
3276,True,,True,,True,
3278,True,,True,,True,
3280,True,,True,,True,
3281,True,,True,,True,
3282,True,,True,,True,
3283,True,,True,,True,
3284,True,,True,,True,
3285,True,,True,,True,
3286,True,,True,,True,
3287,True,,True,,True,
3288,True,,True,,True,
3289,True,,True,,True,
3290,True,,True,,True,
3292,True,,True,,True,
3293,True,,True,,True,
3294,True,,True,,True,
3295,True,,True,,True,
3296,True,,True,,True,
3298,True,,True,,True,
3299,True,,True,,True,
3300,True,,True,,True,
3301,True,,True,,True,
3302,True,,True,,True,
3303,True,,True,,True,
3304,True,,True,,True,
3305,True,,True,,True,
3306,True,,True,,True,
3307,True,,True,,True,
3308,True,,True,,True,
3309,True,,True,,True,
3310,True,,True,,True,
3312,True,,True,,True,
3313,True,,True,,True,
3314,True,,True,,True,
3315,True,,True,,True,
3316,True,,True,,True,
3317,True,,True,,True,
3318,True,,True,,True,
3320,True,,True,,True,
3321,True,,True,,True,
3322,True,,True,,True,
3323,True,,True,,True,
3324,True,,True,,True,
3325,True,,True,,True,
3326,True,,True,,True,
3327,True,,True,,True,
3328,True,,True,,True,
3329,True,,True,,True,
3330,True,,True,,True,
3331,True,,True,,True,
3332,True,,True,,True,
3333,True,,True,,True,
3334,True,,True,,True,
3335,True,,True,,True,
3336,True,,True,,True,
3337,True,,True,,True,
3338,True,,True,,True,
3339,True,,True,,True,
3340,True,,True,,True,
3341,True,,True,,True,
3342,True,,True,,True,
3344,True,,True,,True,
3345,True,,True,,True,
3346,True,,True,,True,
3347,True,,True,,True,
3348,True,,True,,True,
3349,True,,True,,True,
3350,True,,True,,True,
3356,True,,True,,True,
3357,True,,True,,True,
3359,True,,True,,True,
3360,True,,True,,True,
3361,True,,True,,True,
3362,True,,True,,True,
3363,True,,True,,True,
3364,True,,True,,True,
3365,True,,True,,True,
3366,True,,True,,True,
3367,True,,True,,True,
3368,True,,True,,True,
3369,True,,True,,True,
3370,True,,True,,True,
3371,True,,True,,True,
3372,True,,True,,True,
3373,True,,True,,True,
3374,True,,True,,True,
3376,True,,True,,True,
3377,True,,True,,True,
3378,True,,True,,True,
3379,True,,True,,True,
3380,True,,True,,True,
3381,True,,True,,True,
3382,True,,True,,True,
3384,True,,True,,True,
3386,True,,True,,True,
3387,True,,True,,True,
3388,True,,True,,True,
3389,True,,True,,True,
3390,True,,True,,True,
3391,True,,True,,True,
3392,True,,True,,True,
3393,True,,True,,True,
3394,True,,True,,True,
3395,True,,True,,True,
3396,True,,True,,True,
3398,True,,True,,True,
3399,True,,True,,True,
3400,True,,True,,True,
3401,True,,True,,True,
3402,True,,True,,True,
3403,True,,True,,True,
3404,True,,True,,True,
3406,True,,True,,True,
3407,True,,True,,True,
3408,True,,True,,True,
3409,True,,True,,True,
3410,True,,True,,True,
3411,True,,True,,True,
3412,True,,True,,True,
3413,True,,True,,True,
3414,True,,True,,True,
3415,True,,True,,True,
3417,True,,True,,True,
3418,True,,True,,True,
3419,True,,True,,True,
3421,True,,True,,True,
3422,True,,True,,True,
3423,True,,True,,True,
3424,True,,True,,True,
3425,True,,True,,True,
3426,True,,True,,True,
3427,True,,True,,True,
3428,True,,True,,True,
3429,True,,True,,True,
3430,True,,True,,True,
3431,True,,True,,True,
3432,True,,True,,True,
3433,True,,True,,True,
3434,True,,True,,True,
3435,True,,True,,True,
3436,True,,True,,True,
3437,True,,True,,True,
3438,True,,True,,True,
3439,True,,True,,True,
3440,True,,True,,True,
3441,True,,True,,True,
3442,True,,True,,True,
3444,True,,True,,True,
3445,True,,True,,True,
3446,True,,True,,True,
3447,True,,True,,True,
3448,True,,True,,True,
3449,True,,True,,True,
3450,True,,True,,True,
3451,True,,True,,True,
3452,True,,True,,True,
3453,True,,True,,True,
3454,True,,True,,True,
3455,True,,True,,True,
3456,True,,True,,True,
3457,True,,True,,True,
3458,True,,True,,True,
3459,True,,True,,True,
3460,True,,True,,True,
3461,True,,True,,True,
3462,True,,True,,True,
3468,True,,True,,True,
3471,True,,True,,True,
3472,True,,True,,True,
3473,True,,True,,True,
3474,True,,True,,True,
3476,True,,True,,True,
3477,True,,True,,True,
3478,True,,True,,True,
3479,True,,True,,True,
3480,True,,True,,True,
3483,True,,True,,True,
3484,True,,True,,True,
3485,True,,True,,True,
3486,True,,True,,True,
3488,True,,True,,True,
3489,True,,True,,True,
3490,True,,True,,True,
3491,True,,True,,True,
3492,True,,True,,True,
3493,True,,True,,True,
3494,True,,True,,True,
3495,True,,True,,True,
3496,True,,True,,True,
3497,True,,True,,True,
3498,True,,True,,True,
3499,True,,True,,True,
3500,True,,True,,True,
3503,True,,True,,True,
3504,True,,True,,True,
3505,True,,True,,True,
3506,True,,True,,True,
3507,True,,True,,True,
3508,True,,True,,True,
3509,True,,True,,True,
3510,True,,True,,True,
3511,True,,True,,True,
3512,True,,True,,True,
3513,True,,True,,True,
3514,True,,True,,True,
3515,True,,True,,True,
3516,True,,True,,True,
3517,True,,True,,True,
3518,True,,True,,True,
3519,True,,True,,True,
3520,True,,True,,True,
3521,True,,True,,True,
3523,True,,True,,True,
3524,True,,True,,True,
3525,True,,True,,True,
3526,True,,True,,True,
3527,True,,True,,True,
3528,True,,True,,True,
3529,True,,True,,True,
3531,True,,True,,True,
3532,True,,True,,True,
3533,True,,True,,True,
3534,True,,True,,True,
3535,True,,True,,True,
3536,True,,True,,True,
3537,True,,True,,True,
3538,True,,True,,True,
3539,True,,True,,True,
3541,True,,True,,True,
3542,True,,True,,True,
3543,True,,True,,True,
3544,True,,True,,True,
3545,True,,True,,True,
3546,True,,True,,True,
3547,True,,True,,True,
3548,True,,True,,True,
3549,True,,True,,True,
3550,True,,True,,True,
3551,True,,True,,True,
3552,True,,True,,True,
3554,True,,True,,True,
3555,True,,True,,True,
3556,True,,True,,True,
3558,True,,True,,True,
3559,True,,True,,True,
3560,True,,True,,True,
3561,True,,True,,True,
3562,True,,True,,True,
3563,True,,True,,True,
3564,True,,True,,True,
3565,True,,True,,True,
3566,True,,True,,True,
3568,True,,True,,True,
3569,True,,True,,True,
3570,True,,True,,True,
3571,True,,True,,True,
3572,True,,True,,True,
3573,True,,True,,True,
3574,True,,True,,True,
3575,True,,True,,True,
3576,True,,True,,True,
3577,True,,True,,True,
3578,True,,True,,True,
3579,True,,True,,True,
3580,True,,True,,True,
3581,True,,True,,True,
3582,True,,True,,True,
3583,True,,True,,True,
3584,True,,True,,True,
3585,True,,True,,True,
3586,True,,True,,True,
3587,True,,True,,True,
3588,True,,True,,True,
3589,True,,True,,True,
3590,True,,True,,True,
3592,True,,True,,True,
3593,True,,True,,True,
3594,True,,True,,True,
3595,True,,True,,True,
3596,True,,True,,True,
3597,True,,True,,True,
3598,True,,True,,True,
3599,True,,True,,True,
3600,True,,True,,True,
3601,True,,True,,True,
3602,True,,True,,True,
3603,True,,True,,True,
3604,True,,True,,True,
3605,True,,True,,True,
3606,True,,True,,True,
3607,True,,True,,True,
3608,True,,True,,True,
3609,True,,True,,True,
3610,True,,True,,True,
3611,True,,True,,True,
3613,True,,True,,True,
3614,True,,True,,True,
3615,True,,True,,True,
3617,True,,True,,True,
3618,True,,True,,True,
3619,True,,True,,True,
3620,True,,True,,True,
3621,True,,True,,True,
3622,True,,True,,True,
3623,True,,True,,True,
3624,True,,True,,True,
3625,True,,True,,True,
3626,True,,True,,True,
3628,True,,True,,True,
3629,True,,True,,True,
3631,True,,True,,True,
3632,True,,True,,True,
3633,True,,True,,True,
3634,True,,True,,True,
3635,True,,True,,True,
3636,True,,True,,True,
3637,True,,True,,True,
3639,True,,True,,True,
3640,True,,True,,True,
3641,True,,True,,True,
3642,True,,True,,True,
3643,True,,True,,True,
3644,True,,True,,True,
3645,True,,True,,True,
3646,True,,True,,True,
3647,True,,True,,True,
3648,True,,True,,True,
3649,True,,True,,True,
3650,True,,True,,True,
3651,True,,True,,True,
3653,True,,True,,True,
3654,True,,True,,True,
3655,True,,True,,True,
3657,True,,True,,True,
3658,True,,True,,True,
3659,True,,True,,True,
3660,True,,True,,True,
3661,True,,True,,True,
3662,True,,True,,True,
3663,True,,True,,True,
3664,True,,True,,True,
3665,True,,True,,True,
3666,True,,True,,True,
3667,True,,True,,True,
3668,True,,True,,True,
3669,True,,True,,True,
3670,True,,True,,True,
3671,True,,True,,True,
3672,True,,True,,True,
3673,True,,True,,True,
3674,True,,True,,True,
3675,True,,True,,True,
3676,True,,True,,True,
3677,True,,True,,True,
3678,True,,True,,True,
3679,True,,True,,True,
3680,True,,True,,True,
3681,True,,True,,True,
3682,True,,True,,True,
3683,True,,True,,True,
3684,True,,True,,True,
3685,True,,True,,True,
3686,True,,True,,True,
3687,True,,True,,True,
3688,True,,True,,True,
3689,True,,True,,True,
3690,True,,True,,True,
3691,True,,True,,True,
3692,True,,True,,True,
3693,True,,True,,True,
3695,True,,True,,True,
3696,True,,True,,True,
3697,True,,True,,True,
3698,True,,True,,True,
3699,True,,True,,True,
3700,True,,True,,True,
3701,True,,True,,True,
3702,True,,True,,True,
3703,True,,True,,True,
3704,True,,True,,True,
3706,True,,True,,True,
3707,True,,True,,True,
3708,True,,True,,True,
3709,True,,True,,True,
3710,True,,True,,True,
3711,True,,True,,True,
3712,True,,True,,True,
3713,True,,True,,True,
3714,True,,True,,True,
3715,True,,True,,True,
3716,True,,True,,True,
3717,True,,True,,True,
3718,True,,True,,True,
3719,True,,True,,True,
3720,True,,True,,True,
3721,True,,True,,True,
3722,True,,True,,True,
3723,True,,True,,True,
3724,True,,True,,True,
3726,True,,True,,True,
3727,True,,True,,True,
3728,True,,True,,True,
3729,True,,True,,True,
3730,True,,True,,True,
3731,True,,True,,True,
3732,True,,True,,True,
3733,True,,True,,True,
3735,True,,True,,True,
3737,True,,True,,True,
3738,True,,True,,True,
3739,True,,True,,True,
3740,True,,True,,True,
3741,True,,True,,True,
3742,True,,True,,True,
3743,True,,True,,True,
3744,True,,True,,True,
3745,True,,True,,True,
3746,True,,True,,True,
3747,True,,True,,True,
3748,True,,True,,True,
3749,True,,True,,True,
3750,True,,True,,True,
3751,True,,True,,True,
3752,True,,True,,True,
3753,True,,True,,True,
3754,True,,True,,True,
3755,True,,True,,True,
3756,True,,True,,True,
3757,True,,True,,True,
3758,True,,True,,True,
3759,True,,True,,True,
3760,True,,True,,True,
3761,True,,True,,True,
3762,True,,True,,True,
3763,True,,True,,True,
3764,True,,True,,True,
3765,True,,True,,True,
3766,True,,True,,True,
3767,True,,True,,True,
3768,True,,True,,True,
3769,True,,True,,True,
3770,True,,True,,True,
3771,True,,True,,True,
3772,True,,True,,True,
3773,True,,True,,True,
3774,True,,True,,True,
3775,True,,True,,True,
3776,True,,True,,True,
3777,True,,True,,True,
3778,True,,True,,True,
3779,True,,True,,True,
3780,True,,True,,True,
3781,True,,True,,True,
3782,True,,True,,True,
3783,True,,True,,True,
3784,True,,True,,True,
3785,True,,True,,True,
3786,True,,True,,True,
3787,True,,True,,True,
3788,True,,True,,True,
3789,True,,True,,True,
3790,True,,True,,True,
3791,True,,True,,True,
3792,True,,True,,True,
3793,True,,True,,True,
3794,True,,True,,True,
3796,True,,True,,True,
3797,True,,True,,True,
3798,True,,True,,True,
3799,True,,True,,True,
3800,True,,True,,True,
3801,True,,True,,True,
3802,True,,True,,True,
3803,True,,True,,True,
3804,True,,True,,True,
3805,True,,True,,True,
3806,True,,True,,True,
3807,True,,True,,True,
3808,True,,True,,True,
3809,True,,True,,True,
3810,True,,True,,True,
3811,True,,True,,True,
3813,True,,True,,True,
3814,True,,True,,True,
3815,True,,True,,True,
3816,True,,True,,True,
3817,True,,True,,True,
3818,True,,True,,True,
3819,True,,True,,True,
3820,True,,True,,True,
3821,True,,True,,True,
3822,True,,True,,True,
3823,True,,True,,True,
3824,True,,True,,True,
3825,True,,True,,True,
3826,True,,True,,True,
3827,True,,True,,True,
3828,True,,True,,True,
3829,True,,True,,True,
3830,True,,True,,True,
3831,True,,True,,True,
3832,True,,True,,True,
3833,True,,True,,True,
3834,True,,True,,True,
3836,True,,True,,True,
3837,True,,True,,True,
3838,True,,True,,True,
3839,True,,True,,True,
3840,True,,True,,True,
3841,True,,True,,True,
3842,True,,True,,True,
3844,True,,True,,True,
3845,True,,True,,True,
3846,True,,True,,True,
3847,True,,True,,True,
3848,True,,True,,True,
3849,True,,True,,True,
3851,True,,True,,True,
3852,True,,True,,True,
3853,True,,True,,True,
3854,True,,True,,True,
3855,True,,True,,True,
3856,True,,True,,True,
3857,True,,True,,True,
3858,True,,True,,True,
3859,True,,True,,True,
3860,True,,True,,True,
3861,True,,True,,True,
3867,True,,True,,True,
3868,True,,True,,True,
3869,True,,True,,True,
3871,True,,True,,True,
3872,True,,True,,True,
3873,True,,True,,True,
3874,True,,True,,True,
3875,True,,True,,True,
3879,True,,True,,True,
3880,True,,True,,True,
3881,True,,True,,True,
3882,True,,True,,True,
3883,True,,True,,True,
3884,True,,True,,True,
3885,True,,True,,True,
3886,True,,True,,True,
3887,True,,True,,True,
3888,True,,True,,True,
3889,True,,True,,True,
3890,True,,True,,True,
3891,True,,True,,True,
3892,True,,True,,True,
3893,True,,True,,True,
3895,True,,True,,True,
3896,True,,True,,True,
3898,True,,True,,True,
3899,True,,True,,True,
3900,True,,True,,True,
3901,True,,True,,True,
3902,True,,True,,True,
3905,True,,True,,True,
3906,True,,True,,True,
3907,True,,True,,True,
3908,True,,True,,True,
3909,True,,True,,True,
3910,True,,True,,True,
3911,True,,True,,True,
3915,True,,True,,True,
3916,True,,True,,True,
3918,True,,True,,True,
3920,True,,True,,True,
3921,True,,True,,True,
3922,True,,True,,True,
3924,True,,True,,True,
3925,True,,True,,True,
3926,True,,True,,True,
3928,True,,True,,True,
3932,True,,True,,True,
3933,True,,True,,True,
3934,True,,True,,True,
3936,True,,True,,True,
3937,True,,True,,True,
3938,True,,True,,True,
3941,True,,True,,True,
3942,True,,True,,True,
3943,True,,True,,True,
3946,True,,True,,True,
3948,True,,True,,True,
3949,True,,True,,True,
3950,True,,True,,True,
3952,True,,True,,True,
3953,True,,True,,True,
3954,True,,True,,True,
3955,True,,True,,True,
3956,True,,True,,True,
3957,True,,True,,True,
3959,True,,True,,True,
3962,True,,True,,True,
3969,True,,True,,True,
3972,True,,True,,True,
3974,True,,True,,True,
3975,True,,True,,True,
3977,True,,True,,True,
3978,True,,True,,True,
3979,True,,True,,True,
3982,True,,True,,True,
3983,True,,True,,True,
3984,True,,True,,True,
3985,True,,True,,True,
3986,True,,True,,True,
3987,True,,True,,True,
3988,True,,True,,True,
3989,True,,True,,True,
3990,True,,True,,True,
3991,True,,True,,True,
3992,True,,True,,True,
3993,True,,True,,True,
3994,True,,True,,True,
3995,True,,True,,True,
3996,True,,True,,True,
3997,True,,True,,True,
3998,True,,True,,True,
4001,True,,True,,True,
4003,True,,True,,True,
4004,True,,True,,True,
4005,True,,True,,True,
4006,True,,True,,True,
4007,True,,True,,True,
4008,True,,True,,True,
4009,True,,True,,True,
4010,True,,True,,True,
4011,True,,True,,True,
4012,True,,True,,True,
4013,True,,True,,True,
4014,True,,True,,True,
4015,True,,True,,True,
4016,True,,True,,True,
4017,True,,True,,True,
4018,True,,True,,True,
4019,True,,True,,True,
4020,True,,True,,True,
4021,True,,True,,True,
4022,True,,True,,True,
4023,True,,True,,True,
4024,True,,True,,True,
4026,True,,True,,True,
4027,True,,True,,True,
4028,True,,True,,True,
4029,True,,True,,True,
4030,True,,True,,True,
4031,True,,True,,True,
4032,True,,True,,True,
4033,True,,True,,True,
4034,True,,True,,True,
4035,True,,True,,True,
4036,True,,True,,True,
4037,True,,True,,True,
4038,True,,True,,True,
4039,True,,True,,True,
4040,True,,True,,True,
4041,True,,True,,True,
4042,True,,True,,True,
4043,True,,True,,True,
4045,True,,True,,True,
4046,True,,True,,True,
4047,True,,True,,True,
4048,True,,True,,True,
4049,True,,True,,True,
4050,True,,True,,True,
4052,True,,True,,True,
4053,True,,True,,True,
4054,True,,True,,True,
4055,True,,True,,True,
4056,True,,True,,True,
4057,True,,True,,True,
4058,True,,True,,True,
4059,True,,True,,True,
4060,True,,True,,True,
4061,True,,True,,True,
4063,True,,True,,True,
4064,True,,True,,True,
4065,True,,True,,True,
4066,True,,True,,True,
4067,True,,True,,True,
4068,True,,True,,True,
4069,True,,True,,True,
4070,True,,True,,True,
4071,True,,True,,True,
4072,True,,True,,True,
4073,True,,True,,True,
4074,True,,True,,True,
4075,True,,True,,True,
4076,True,,True,,True,
4077,True,,True,,True,
4078,True,,True,,True,
4079,True,,True,,True,
4080,True,,True,,True,
4081,True,,True,,True,
4082,True,,True,,True,
4083,True,,True,,True,
4084,True,,True,,True,
4085,True,,True,,True,
4086,True,,True,,True,
4087,True,,True,,True,
4088,True,,True,,True,
4089,True,,True,,True,
4090,True,,True,,True,
4091,True,,True,,True,
4092,True,,True,,True,
4093,True,,True,,True,
4094,True,,True,,True,
4095,True,,True,,True,
4096,True,,True,,True,
4097,True,,True,,True,
4098,True,,True,,True,
4099,True,,True,,True,
4100,True,,True,,True,
4101,True,,True,,True,
4102,True,,True,,True,
4103,True,,True,,True,
4104,True,,True,,True,
4105,True,,True,,True,
4106,True,,True,,True,
4107,True,,True,,True,
4108,True,,True,,True,
4109,True,,True,,True,
4111,True,,True,,True,
4112,True,,True,,True,
4113,True,,True,,True,
4114,True,,True,,True,
4115,True,,True,,True,
4116,True,,True,,True,
4117,True,,True,,True,
4118,True,,True,,True,
4119,True,,True,,True,
4120,True,,True,,True,
4121,True,,True,,True,
4122,True,,True,,True,
4124,True,,True,,True,
4125,True,,True,,True,
4127,True,,True,,True,
4128,True,,True,,True,
4129,True,,True,,True,
4130,True,,True,,True,
4131,True,,True,,True,
4132,True,,True,,True,
4134,True,,True,,True,
4136,True,,True,,True,
4137,True,,True,,True,
4138,True,,True,,True,
4139,True,,True,,True,
4140,True,,True,,True,
4141,True,,True,,True,
4142,True,,True,,True,
4143,True,,True,,True,
4144,True,,True,,True,
4145,True,,True,,True,
4147,True,,True,,True,
4148,True,,True,,True,
4150,True,,True,,True,
4151,True,,True,,True,
4152,True,,True,,True,
4153,True,,True,,True,
4154,True,,True,,True,
4155,True,,True,,True,
4156,True,,True,,True,
4157,True,,True,,True,
4158,True,,True,,True,
4159,True,,True,,True,
4160,True,,True,,True,
4161,True,,True,,True,
4162,True,,True,,True,
4163,True,,True,,True,
4164,True,,True,,True,
4165,True,,True,,True,
4166,True,,True,,True,
4167,True,,True,,True,
4168,True,,True,,True,
4169,True,,True,,True,
4170,True,,True,,True,
4171,True,,True,,True,
4172,True,,True,,True,
4173,True,,True,,True,
4174,True,,True,,True,
4175,True,,True,,True,
4176,True,,True,,True,
4177,True,,True,,True,
4178,True,,True,,True,
4179,True,,True,,True,
4180,True,,True,,True,
4181,True,,True,,True,
4182,True,,True,,True,
4186,True,,True,,True,
4187,True,,True,,True,
4188,True,,True,,True,
4190,True,,True,,True,
4192,True,,True,,True,
4197,True,,True,,True,
4198,True,,True,,True,
4199,True,,True,,True,
4200,True,,True,,True,
4201,True,,True,,True,
4202,True,,True,,True,
4204,True,,True,,True,
4205,True,,True,,True,
4206,True,,True,,True,
4207,True,,True,,True,
4208,True,,True,,True,
4209,True,,True,,True,
4210,True,,True,,True,
4211,True,,True,,True,
4212,True,,True,,True,
4213,True,,True,,True,
4214,True,,True,,True,
4215,True,,True,,True,
4216,True,,True,,True,
4218,True,,True,,True,
4219,True,,True,,True,
4221,True,,True,,True,
4222,True,,True,,True,
4223,True,,True,,True,
4224,True,,True,,True,
4226,True,,True,,True,
4227,True,,True,,True,
4228,True,,True,,True,
4229,True,,True,,True,
4230,True,,True,,True,
4232,True,,True,,True,
4233,True,,True,,True,
4239,True,,True,,True,
4240,True,,True,,True,
4241,True,,True,,True,
4242,True,,True,,True,
4243,True,,True,,True,
4244,True,,True,,True,
4245,True,,True,,True,
4246,True,,True,,True,
4247,True,,True,,True,
4248,True,,True,,True,
4249,True,,True,,True,
4250,True,,True,,True,
4251,True,,True,,True,
4259,True,,True,,True,
4262,True,,True,,True,
4264,True,,True,,True,
4265,True,,True,,True,
4266,True,,True,,True,
4271,True,,True,,True,
